"Status","Name","DisplayName","CanPauseAndContinue","CanShutdown","CanStop","StartType","ServiceType","DependentServices"
"Stopped","AarSvc_47e64","Agent Activation Runtime_47e64","False","False","False","Manual","224",""
"Stopped","ALG","Application Layer Gateway Service","False","False","False","Manual","Win32OwnProcess",""
"Stopped","AppIDSvc","Application Identity","False","False","False","Manual","Win32ShareProcess","applockerfltr"
"Running","Appinfo","Application Information","False","False","True","Manual","Win32OwnProcess, Win32ShareProcess",""
"Stopped","AppReadiness","App Readiness","False","False","False","Manual","Win32ShareProcess",""
"Stopped","AppXSvc","AppX Deployment Service (AppXSVC)","False","False","False","Manual","Win32OwnProcess, Win32ShareProcess",""
"Stopped","ApxSvc","Windows Virtual Audio Device Proxy Service","False","False","False","Manual","Win32OwnProcess",""
"Running","AudioEndpointBuilder","Windows Audio Endpoint Builder","False","False","True","Automatic","Win32OwnProcess, Win32ShareProcess","AarSvc_47e64;RtkAudioUniversalService;AarSvc;Audiosrv"
"Running","Audiosrv","Windows Audio","False","False","True","Automatic","Win32OwnProcess","AarSvc_47e64;RtkAudioUniversalService;AarSvc"
"Stopped","autotimesvc","Cellular Time","False","False","False","Manual","Win32OwnProcess",""
"Stopped","AxInstSV","ActiveX Installer (AxInstSV)","False","False","False","Manual","Win32ShareProcess",""
"Stopped","BcastDVRUserService_47e64","GameDVR and Broadcast User Service_47e64","False","False","False","Manual","224",""
"Running","BDESVC","BitLocker Drive Encryption Service","False","False","True","Manual","Win32OwnProcess, Win32ShareProcess",""
"Running","BFE","Base Filtering Engine","False","False","True","Automatic","Win32ShareProcess","ZTDNS;XboxNetApiSvc;webthreatdefsvc;wtd;WdNisSvc;WdNisDrv;SharedAccess;RemoteAccess;PolicyAgent;NcaSvc;mpssvc;IKEEXT"
"Stopped","BITS","Background Intelligent Transfer Service","False","False","False","Manual","Win32ShareProcess",""
"Stopped","BluetoothUserService_47e64","Bluetooth User Support Service_47e64","False","False","False","Manual","224",""
"Running","BrokerInfrastructure","Background Tasks Infrastructure Service","False","False","False","Automatic","Win32ShareProcess","workfolderssvc;WSearch;WSAIFabricSvc;TokenBroker;CDPSvc;NcbService;embeddedmode"
"Stopped","BTAGService","Bluetooth Audio Gateway Service","False","False","False","Manual","Win32ShareProcess",""
"Stopped","BthAvctpSvc","AVCTP service","False","False","False","Manual","Win32ShareProcess",""
"Running","bthserv","Bluetooth Support Service","False","True","True","Manual","Win32OwnProcess, Win32ShareProcess","BluetoothUserService_47e64;BluetoothUserService"
"Running","camsvc","Capability Access Manager Service","False","True","True","Automatic","Win32OwnProcess, Win32ShareProcess",""
"Stopped","CaptureService_47e64","CaptureService_47e64","False","False","False","Manual","224",""
"Running","cbdhsvc_47e64","Clipboard User Service_47e64","False","False","True","Automatic","240",""
"Running","CDPSvc","Connected Devices Platform Service","False","False","True","Automatic","Win32OwnProcess, Win32ShareProcess",""
"Running","CDPUserSvc_47e64","Connected Devices Platform User Service_47e64","False","False","True","Automatic","240",""
"Stopped","CertPropSvc","Certificate Propagation","False","False","False","Manual","Win32ShareProcess",""
"Stopped","ClipSVC","Client Licence Service (ClipSVC)","False","False","False","Manual","Win32OwnProcess, Win32ShareProcess",""
"Stopped","CloudBackupRestoreSvc_47e64","Cloud Backup and Restore Service_47e64","False","False","False","Manual","224",""
"Stopped","COMSysApp","COM+ System Application","False","False","False","Manual","Win32OwnProcess",""
"Stopped","ConsentUxUserSvc_47e64","ConsentUX User Service_47e64","False","False","False","Manual","224",""
"Running","CoreMessagingRegistrar","CoreMessaging","False","False","False","Automatic","Win32ShareProcess","camsvc"
"Running","cplspcon","Intel(R) Content Protection HDCP Service","False","False","True","Automatic","Win32OwnProcess",""
"Stopped","CredentialEnrollmentManagerUserSvc_47e64","CredentialEnrollmentManagerUserSvc_47e64","False","False","False","Manual","208",""
"Running","CryptSvc","Cryptographic Services","False","True","True","Automatic","Win32OwnProcess","applockerfltr;AppIDSvc"
"Running","DcomLaunch","DCOM Server Process Launcher","False","False","False","Automatic","Win32ShareProcess","webthreatdefusersvc_47e64;PrintWorkflowUserSvc_47e64;P9RdrService_47e64;DevicesFlowUserSvc_47e64;DevicePickerUserSvc_47e64;DeviceAssociationBrokerSvc_47e64;CredentialEnrollmentManagerUserSvc_47e64;ConsentUxUserSvc_47e64;CaptureService_47e64;BluetoothUserService_47e64;BcastDVRUserService_47e64;ZTHELPER;XblGameSave;XblAuthManager;McmSvc;wlpasvc;WwanSvc;wuauserv;workfolderssvc;WSearch;wscsvc;WSAIFabricSvc;WpnService;WPDBusEnum;WManSvc;wlidsvc;WlanSvc;wisvc;WinRM;VMUSBArbService;VMAuthdService;Winmgmt;WinDefend;WiaRpc;whesvc;WFDSConMgrSvc;WEPHOSTSVC;webthreatdefusersvc;webthreatdefsvc;wcncsvc;icssvc;Wcmsvc;WbioSrvc;WaaSMedicSvc;VSS;vds;VaultSvc;UsoSvc;TokenBroker;UserManager;TroubleshootingSvc;TrkWks;TextInputManagementService;UmRdpService;TermService;RemoteAccess;RasMan;TapiSrv;refsdedupsvc;NaturalAuthentication;Schedule;SystemEventsBroker;SysMain;swprv;StiSvc;camsvc;AppXSvc;StateRepository;sppsvc;Spooler;SmsRouter;smphost;shpamsvc;ShellHWDetection;SessionEnv;SEMgrSvc;SecurityHealthService;SDRSVC;SCPolicySvc;MSDTC;LanmanServer;KtmRm;SamSs;RmSvc;RemoteRegistry;QWAVE;PushToInstall;Appinfo;ProfSvc;PrintWorkflowUserSvc;PrintScanBrokerService;PrintNotify;PrintDeviceConfigurationService;pla;PhoneSvc;PerfHost;perceptionsimulation;PcaSvc;P9RdrService;upnphost;SSDPSRV;NcdAutoSetup;netprofm;Netman;NcaSvc;XboxNetApiSvc;mpssvc;Netlogon;LanmanWorkstation;jhi_service;IpxlatCfgSvc;iphlpsvc;IKEEXT;WinHttpAutoProxySvc;Dnscache;Dhcp;nsi;NgcSvc;NgcCtnrSvc;NetSetupSvc;CDPSvc;NcbService;msiserver;MicrosoftEdgeElevationService;McpManagementService;MapsBroker;LSM;LocalKdc;lltdsvc;LicenseManager;lfsvc;dot3svc;EapHost;KeyIso;InventorySvc;InstallService;gpsvc;FrameServerMonitor;FrameServer;fhsvc;FDResPub;fdPHost;COMSysApp;SENS;EventSystem;EntAppSvc;EFS;edgeupdatem;edgeupdate;DusmSvc;DsmSvc;DoSvc;dmwappushservice;DmEnrollmentSvc;DispBrokerDesktopSvc;DiagTrack;diagsvc;DevicesFlowUserSvc;DevicePickerUserSvc;DeviceAssociationBrokerSvc;defragsvc;dcsvc;applockerfltr;AppIDSvc;CryptSvc;CredentialEnrollmentManagerUserSvc;CoreMessagingRegistrar;ConsentUxUserSvc;ClipSVC;CertPropSvc;CaptureService;BthAvctpSvc;BTAGService;embeddedmode;BrokerInfrastructure;BluetoothUserService;BITS;ZTDNS;wtd;WdNisSvc;WdNisDrv;SharedAccess;PolicyAgent;BFE;BcastDVRUserService;AxInstSV;autotimesvc;AarSvc_47e64;RtkAudioUniversalService;AarSvc;Audiosrv;ApxSvc;RpcSs"
"Stopped","dcsvc","Declared Configuration(DC) service","False","False","False","Manual","Win32OwnProcess",""
"Stopped","defragsvc","Optimise drives","False","False","False","Manual","Win32OwnProcess",""
"Stopped","DeviceAssociationBrokerSvc_47e64","DeviceAssociationBroker_47e64","False","False","False","Manual","224",""
"Running","DeviceAssociationService","Device Association Service","False","True","True","Manual","Win32OwnProcess, Win32ShareProcess",""
"Stopped","DeviceInstall","Device Install Service","False","False","False","Manual","Win32ShareProcess",""
"Stopped","DevicePickerUserSvc_47e64","DevicePicker_47e64","False","False","False","Manual","224",""
"Running","DevicesFlowUserSvc_47e64","DevicesFlow_47e64","False","False","True","Manual","240",""
"Running","DevQueryBroker","DevQuery Background Discovery Broker","False","True","True","Manual","Win32OwnProcess, Win32ShareProcess",""
"Running","Dhcp","DHCP Client","False","True","True","Automatic","Win32OwnProcess, Win32ShareProcess","WlanSvc;icssvc;Wcmsvc;NcaSvc;iphlpsvc;WinHttpAutoProxySvc"
"Stopped","diagsvc","Diagnostic Execution Service","False","False","False","Manual","Win32ShareProcess",""
"Running","DiagTrack","Connected User Experiences and Telemetry","False","True","True","Automatic","Win32OwnProcess",""
"Running","DispBrokerDesktopSvc","Display Policy Service","False","False","True","Automatic","Win32OwnProcess, Win32ShareProcess",""
"Running","DisplayEnhancementService","Display Enhancement Service","False","False","True","Manual","Win32OwnProcess, Win32ShareProcess",""
"Stopped","DmEnrollmentSvc","Device Management Enrollment Service","False","False","False","Manual","Win32OwnProcess",""
"Stopped","dmwappushservice","Device Management Wireless Application Protocol (WAP) Push message Routing Service","False","False","False","Manual","Win32ShareProcess",""
"Running","Dnscache","DNS Client","False","False","False","Automatic","Win32OwnProcess","WlanSvc;icssvc;Wcmsvc;NcaSvc;iphlpsvc;WinHttpAutoProxySvc"
"Running","DolbyDAXAPI","Dolby DAX API Service","False","True","True","Automatic","Win32OwnProcess",""
"Stopped","DoSvc","Delivery Optimization","False","False","False","Automatic","Win32OwnProcess",""
"Stopped","dot3svc","Wired AutoConfig","False","False","False","Manual","Win32ShareProcess",""
"Running","DPS","Diagnostic Policy Service","False","True","True","Automatic","Win32OwnProcess, Win32ShareProcess",""
"Running","dptftcs","Intel(R) Dynamic Tuning Technology Telemetry Service","True","False","True","Automatic","Win32OwnProcess",""
"Stopped","DsmSvc","Device Setup Manager","False","False","False","Manual","Win32ShareProcess",""
"Stopped","DsSvc","Data Sharing Service","False","False","False","Manual","Win32ShareProcess",""
"Running","DusmSvc","Data Usage","False","False","True","Automatic","Win32OwnProcess",""
"Stopped","EapHost","Extensible Authentication Protocol","False","False","False","Manual","Win32OwnProcess","dot3svc"
"Stopped","edgeupdate","Microsoft Edge Update Service (edgeupdate)","False","False","False","Automatic","Win32OwnProcess",""
"Stopped","edgeupdatem","Microsoft Edge Update Service (edgeupdatem)","False","False","False","Manual","Win32OwnProcess",""
"Stopped","EFS","Encrypting File System (EFS)","False","False","False","Manual","Win32ShareProcess",""
"Running","ElevocService","Elevoc Control Service","False","True","True","Automatic","Win32OwnProcess",""
"Stopped","embeddedmode","Embedded Mode","False","False","False","Manual","Win32ShareProcess",""
"Stopped","EntAppSvc","Enterprise App Management Service","False","False","False","Manual","Win32ShareProcess",""
"Running","EventLog","Windows Event Log","False","True","True","Automatic","Win32OwnProcess, Win32ShareProcess","Wecsvc"
"Running","EventSystem","COM+ Event System","False","False","True","Automatic","Win32OwnProcess, Win32ShareProcess","COMSysApp;SENS"
"Stopped","fdPHost","Function Discovery Provider Host","False","False","False","Manual","Win32ShareProcess","FDResPub"
"Stopped","FDResPub","Function Discovery Resource Publication","False","False","False","Manual","Win32ShareProcess",""
"Stopped","fhsvc","File History Service","False","False","False","Manual","Win32ShareProcess",""
"Running","FontCache","Windows Font Cache Service","False","True","True","Automatic","Win32OwnProcess, Win32ShareProcess",""
"Stopped","FrameServer","Windows Camera Frame Server","False","False","False","Manual","Win32OwnProcess, Win32ShareProcess",""
"Stopped","FrameServerMonitor","Windows Camera Frame Server Monitor","False","False","False","Manual","Win32OwnProcess",""
"Stopped","GameInputSvc","GameInput Service","False","False","False","Manual","Win32OwnProcess",""
"Running","gpsvc","Group Policy Client","False","False","True","Automatic","Win32OwnProcess",""
"Stopped","GraphicsPerfSvc","GraphicsPerfSvc","False","False","False","Manual","Win32ShareProcess",""
"Stopped","hidserv","Human Interface Device Service","False","False","False","Manual","Win32ShareProcess",""
"Stopped","hpatchmon","Hotpatch Monitoring Service","False","False","False","Manual","Win32OwnProcess",""
"Running","HvHost","HV Host Service","False","True","True","Manual","Win32OwnProcess, Win32ShareProcess",""
"Stopped","icssvc","Windows Mobile Hotspot Service","False","False","False","Manual","Win32OwnProcess, Win32ShareProcess",""
"Running","igccservice","Intel(R) Graphics Command Center Service","True","True","True","Automatic","Win32OwnProcess",""
"Stopped","IKEEXT","IKE and AuthIP IPsec Keying Modules","False","False","False","Manual","Win32ShareProcess","XboxNetApiSvc"
"Running","InstallService","Microsoft Store Install Service","False","False","True","Manual","Win32OwnProcess",""
"Stopped","Intel(R) Platform License Manager Service","Intel(R) Platform License Manager Service","False","False","False","Automatic","Win32OwnProcess",""
"Running","InventorySvc","Inventory and Compatibility Appraisal service","False","True","True","Automatic","Win32OwnProcess, Win32ShareProcess",""
"Running","ipfsvc","Intel(R) Innovation Platform Framework Service","True","False","True","Automatic","Win32OwnProcess",""
"Running","iphlpsvc","IP Helper","False","False","True","Automatic","Win32OwnProcess, Win32ShareProcess","NcaSvc"
"Stopped","IpxlatCfgSvc","IP Translation Configuration Service","False","False","False","Manual","Win32ShareProcess",""
"Running","jhi_service","Intel(R) Dynamic Application Loader Host Interface Service","False","False","True","Automatic","Win32OwnProcess",""
"Running","KeyIso","CNG Key Isolation","False","False","True","Manual","Win32ShareProcess","XboxNetApiSvc;dot3svc;EapHost"
"Stopped","KtmRm","KtmRm for Distributed Transaction Coordinator","False","False","False","Manual","Win32ShareProcess",""
"Running","LanmanServer","Server","False","False","True","Automatic","Win32OwnProcess, Win32ShareProcess",""
"Running","LanmanWorkstation","Workstation","True","False","True","Automatic","Win32OwnProcess, Win32ShareProcess","SessionEnv;Netlogon"
"Running","LenovoFnAndFunctionKeys","Lenovo Fn and function keys service","False","True","True","Automatic","Win32OwnProcess",""
"Running","lfsvc","Geolocation Service","False","False","True","Manual","Win32OwnProcess, Win32ShareProcess",""
"Stopped","LibreOfficeMaintenance","LibreOffice Maintenance Service","False","False","False","Manual","Win32OwnProcess",""
"Running","LicenseManager","Windows License Manager Service","False","False","True","Manual","Win32OwnProcess, Win32ShareProcess",""
"Stopped","lltdsvc","Link-Layer Topology Discovery Mapper","False","False","False","Manual","Win32ShareProcess",""
"Running","lmhosts","TCP/IP NetBIOS Helper","False","False","True","Manual","Win32OwnProcess, Win32ShareProcess",""
"Stopped","LocalKdc","Kerberos Local Key Distribution Center","False","False","False","Manual","Win32ShareProcess",""
"Running","LSM","Local Session Manager","False","False","False","Automatic","Win32OwnProcess, Win32ShareProcess",""
"Stopped","LxpSvc","Language Experience Service","False","False","False","Manual","Win32ShareProcess",""
"Stopped","MapsBroker","Downloaded Maps Manager","False","False","False","Automatic","Win32OwnProcess",""
"Stopped","McmSvc","This service provides profile management for mobile connectivity modules","False","False","False","Manual","Win32OwnProcess",""
"Stopped","McpManagementService","McpManagementService","False","False","False","Manual","Win32OwnProcess",""
"Running","MDCoreSvc","Microsoft Defender Core Service","False","True","True","Automatic","Win32OwnProcess",""
"Stopped","MessagingService_47e64","MessagingService_47e64","False","False","False","Manual","224",""
"Stopped","MicrosoftEdgeElevationService","Microsoft Edge Elevation Service (MicrosoftEdgeElevationService)","False","False","False","Manual","Win32OwnProcess",""
"Stopped","MozillaMaintenance","Mozilla Maintenance Service","False","False","False","Manual","Win32OwnProcess",""
"Running","mpssvc","Windows Defender Firewall","False","False","False","Automatic","Win32ShareProcess","XboxNetApiSvc"
"Stopped","MSDTC","Distributed Transaction Coordinator","False","False","False","Manual","Win32OwnProcess",""
"Stopped","MSiSCSI","Microsoft iSCSI Initiator Service","False","False","False","Manual","Win32ShareProcess",""
"Stopped","msiserver","Windows Installer","False","False","False","Manual","Win32OwnProcess",""
"Stopped","NaturalAuthentication","Natural Authentication","False","False","False","Manual","Win32ShareProcess",""
"Stopped","NcaSvc","Network Connectivity Assistant","False","False","False","Manual","Win32ShareProcess",""
"Running","NcbService","Network Connection Broker","False","False","True","Manual","Win32OwnProcess, Win32ShareProcess","CDPSvc"
"Stopped","NcdAutoSetup","Network Connected Devices Auto-Setup","False","False","False","Manual","Win32ShareProcess",""
"Stopped","Netlogon","Netlogon","False","False","False","Manual","Win32ShareProcess",""
"Stopped","Netman","Network Connections","False","False","False","Manual","Win32ShareProcess",""
"Running","netprofm","Network List Service","False","False","True","Manual","Win32OwnProcess, Win32ShareProcess","NcdAutoSetup"
"Stopped","NetSetupSvc","Network Setup Service","False","False","False","Manual","Win32OwnProcess, Win32ShareProcess",""
"Stopped","NetTcpPortSharing","Net.Tcp Port Sharing Service","False","False","False","Disabled","Win32ShareProcess",""
"Stopped","NgcCtnrSvc","Microsoft Passport Container","False","False","False","Manual","Win32OwnProcess, Win32ShareProcess",""
"Stopped","NgcSvc","Microsoft Passport","False","False","False","Manual","Win32OwnProcess, Win32ShareProcess",""
"Stopped","NlaSvc","Network Location Awareness","False","False","False","Manual","Win32ShareProcess",""
"Running","NPSMSvc_47e64","Now Playing Session Manager Service_47e64","False","False","True","Manual","240",""
"Running","nsi","Network Store Interface Service","False","False","True","Automatic","Win32OwnProcess, Win32ShareProcess","WinRM;WlanSvc;icssvc;Wcmsvc;upnphost;SSDPSRV;NcdAutoSetup;netprofm;Netman;NcaSvc;XboxNetApiSvc;mpssvc;SessionEnv;Netlogon;LanmanWorkstation;jhi_service;IpxlatCfgSvc;iphlpsvc;IKEEXT;WinHttpAutoProxySvc;Dnscache;Dhcp"
"Stopped","P9RdrService_47e64","P9RdrService_47e64","False","False","False","Manual","224",""
"Running","PcaSvc","Program Compatibility Assistant Service","False","True","True","Automatic","Win32OwnProcess, Win32ShareProcess",""
"Stopped","PenService_47e64","PenService_47e64","False","False","False","Manual","224",""
"Stopped","perceptionsimulation","Windows Perception Simulation Service","False","False","False","Manual","Win32OwnProcess",""
"Stopped","PerfHost","Performance Counter DLL Host","False","False","False","Manual","Win32OwnProcess",""
"Stopped","PhoneSvc","Phone Service","False","False","False","Manual","Win32ShareProcess",""
"Stopped","PimIndexMaintenanceSvc_47e64","Contact Data_47e64","False","False","False","Manual","224",""
"Stopped","pla","Performance Logs & Alerts","False","False","False","Manual","Win32ShareProcess",""
"Running","PlugPlay","Plug and Play","False","True","True","Manual","Win32ShareProcess",""
"Stopped","PolicyAgent","IPsec Policy Agent","False","False","False","Manual","Win32ShareProcess",""
"Running","Power","Power","False","False","False","Automatic","Win32ShareProcess",""
"Stopped","PrintDeviceConfigurationService","Print Device Configuration Service","False","False","False","Manual","Win32OwnProcess, Win32ShareProcess",""
"Stopped","PrintNotify","Printer Extensions and Notifications","False","False","False","Manual","Win32ShareProcess, InteractiveProcess",""
"Stopped","PrintScanBrokerService","PrintScanBrokerService","False","False","False","Manual","Win32ShareProcess",""
"Stopped","PrintWorkflowUserSvc_47e64","PrintWorkflow_47e64","False","False","False","Manual","224",""
"Running","ProfSvc","User Profile Service","False","True","True","Automatic","Win32OwnProcess, Win32ShareProcess","XblGameSave;TokenBroker;UserManager;shpamsvc;NaturalAuthentication;Appinfo"
"Stopped","PushToInstall","Windows PushToInstall Service","False","False","False","Manual","Win32OwnProcess, Win32ShareProcess",""
"Stopped","QWAVE","Quality Windows Audio Video Experience","False","False","False","Manual","Win32ShareProcess",""
"Stopped","RasAuto","Remote Access Auto Connection Manager","False","False","False","Manual","Win32ShareProcess",""
"Running","RasMan","Remote Access Connection Manager","False","True","True","Manual","Win32ShareProcess","RemoteAccess"
"Stopped","refsdedupsvc","ReFS Dedup Service","False","False","False","Manual","Win32OwnProcess",""
"Stopped","RemoteAccess","Routing and Remote Access","False","False","False","Disabled","Win32ShareProcess",""
"Stopped","RemoteRegistry","Remote Registry","False","False","False","Disabled","Win32ShareProcess",""
"Stopped","RetailDemo","Retail Demo Service","False","False","False","Manual","Win32ShareProcess",""
"Running","RmSvc","Radio Management Service","False","False","True","Manual","Win32OwnProcess, Win32ShareProcess",""
"Running","RpcEptMapper","RPC Endpoint Mapper","False","False","False","Automatic","Win32ShareProcess","refsdedupsvc;NaturalAuthentication;Schedule;SystemEventsBroker;webthreatdefusersvc_47e64;PrintWorkflowUserSvc_47e64;P9RdrService_47e64;DevicesFlowUserSvc_47e64;DevicePickerUserSvc_47e64;DeviceAssociationBrokerSvc_47e64;CredentialEnrollmentManagerUserSvc_47e64;ConsentUxUserSvc_47e64;CaptureService_47e64;BluetoothUserService_47e64;BcastDVRUserService_47e64;ZTHELPER;XblGameSave;XblAuthManager;McmSvc;wlpasvc;WwanSvc;wuauserv;workfolderssvc;WSearch;wscsvc;WSAIFabricSvc;WpnService;WPDBusEnum;WManSvc;wlidsvc;WlanSvc;wisvc;WinRM;VMUSBArbService;VMAuthdService;Winmgmt;WinDefend;WiaRpc;whesvc;WFDSConMgrSvc;WEPHOSTSVC;webthreatdefusersvc;webthreatdefsvc;wcncsvc;icssvc;Wcmsvc;WbioSrvc;WaaSMedicSvc;VSS;vds;VaultSvc;UsoSvc;TokenBroker;UserManager;TroubleshootingSvc;TrkWks;TextInputManagementService;UmRdpService;TermService;RemoteAccess;RasMan;TapiSrv;SysMain;swprv;StiSvc;camsvc;AppXSvc;StateRepository;sppsvc;Spooler;SmsRouter;smphost;shpamsvc;ShellHWDetection;SessionEnv;SEMgrSvc;SecurityHealthService;SDRSVC;SCPolicySvc;MSDTC;LanmanServer;KtmRm;SamSs;RmSvc;RemoteRegistry;QWAVE;PushToInstall;Appinfo;ProfSvc;PrintWorkflowUserSvc;PrintScanBrokerService;PrintNotify;PrintDeviceConfigurationService;pla;PhoneSvc;PerfHost;perceptionsimulation;PcaSvc;P9RdrService;upnphost;SSDPSRV;NcdAutoSetup;netprofm;Netman;NcaSvc;XboxNetApiSvc;mpssvc;Netlogon;LanmanWorkstation;jhi_service;IpxlatCfgSvc;iphlpsvc;IKEEXT;WinHttpAutoProxySvc;Dnscache;Dhcp;nsi;NgcSvc;NgcCtnrSvc;NetSetupSvc;CDPSvc;NcbService;msiserver;MicrosoftEdgeElevationService;McpManagementService;MapsBroker;LSM;LocalKdc;lltdsvc;LicenseManager;lfsvc;dot3svc;EapHost;KeyIso;InventorySvc;InstallService;gpsvc;FrameServerMonitor;FrameServer;fhsvc;FDResPub;fdPHost;COMSysApp;SENS;EventSystem;EntAppSvc;EFS;edgeupdatem;edgeupdate;DusmSvc;DsmSvc;DoSvc;dmwappushservice;DmEnrollmentSvc;DispBrokerDesktopSvc;DiagTrack;diagsvc;DevicesFlowUserSvc;DevicePickerUserSvc;DeviceAssociationBrokerSvc;defragsvc;dcsvc;applockerfltr;AppIDSvc;CryptSvc;CredentialEnrollmentManagerUserSvc;CoreMessagingRegistrar;ConsentUxUserSvc;ClipSVC;CertPropSvc;CaptureService;BthAvctpSvc;BTAGService;embeddedmode;BrokerInfrastructure;BluetoothUserService;BITS;ZTDNS;wtd;WdNisSvc;WdNisDrv;SharedAccess;PolicyAgent;BFE;BcastDVRUserService;AxInstSV;autotimesvc;AarSvc_47e64;RtkAudioUniversalService;AarSvc;Audiosrv;ApxSvc;RpcSs"
"Stopped","RpcLocator","Remote Procedure Call (RPC) Locator","False","False","False","Manual","Win32OwnProcess",""
"Running","RpcSs","Remote Procedure Call (RPC)","False","False","False","Automatic","Win32ShareProcess","webthreatdefusersvc_47e64;PrintWorkflowUserSvc_47e64;P9RdrService_47e64;DevicesFlowUserSvc_47e64;DevicePickerUserSvc_47e64;DeviceAssociationBrokerSvc_47e64;CredentialEnrollmentManagerUserSvc_47e64;ConsentUxUserSvc_47e64;CaptureService_47e64;BluetoothUserService_47e64;BcastDVRUserService_47e64;ZTHELPER;XblGameSave;XblAuthManager;McmSvc;wlpasvc;WwanSvc;wuauserv;workfolderssvc;WSearch;wscsvc;WSAIFabricSvc;WpnService;WPDBusEnum;WManSvc;wlidsvc;WlanSvc;wisvc;WinRM;VMUSBArbService;VMAuthdService;Winmgmt;WinDefend;WiaRpc;whesvc;WFDSConMgrSvc;WEPHOSTSVC;webthreatdefusersvc;webthreatdefsvc;wcncsvc;icssvc;Wcmsvc;WbioSrvc;WaaSMedicSvc;VSS;vds;VaultSvc;UsoSvc;TokenBroker;UserManager;TroubleshootingSvc;TrkWks;TextInputManagementService;UmRdpService;TermService;RemoteAccess;RasMan;TapiSrv;refsdedupsvc;NaturalAuthentication;Schedule;SystemEventsBroker;SysMain;swprv;StiSvc;camsvc;AppXSvc;StateRepository;sppsvc;Spooler;SmsRouter;smphost;shpamsvc;ShellHWDetection;SessionEnv;SEMgrSvc;SecurityHealthService;SDRSVC;SCPolicySvc;MSDTC;LanmanServer;KtmRm;SamSs;RmSvc;RemoteRegistry;QWAVE;PushToInstall;Appinfo;ProfSvc;PrintWorkflowUserSvc;PrintScanBrokerService;PrintNotify;PrintDeviceConfigurationService;pla;PhoneSvc;PerfHost;perceptionsimulation;PcaSvc;P9RdrService;upnphost;SSDPSRV;NcdAutoSetup;netprofm;Netman;NcaSvc;XboxNetApiSvc;mpssvc;Netlogon;LanmanWorkstation;jhi_service;IpxlatCfgSvc;iphlpsvc;IKEEXT;WinHttpAutoProxySvc;Dnscache;Dhcp;nsi;NgcSvc;NgcCtnrSvc;NetSetupSvc;CDPSvc;NcbService;msiserver;MicrosoftEdgeElevationService;McpManagementService;MapsBroker;LSM;LocalKdc;lltdsvc;LicenseManager;lfsvc;dot3svc;EapHost;KeyIso;InventorySvc;InstallService;gpsvc;FrameServerMonitor;FrameServer;fhsvc;FDResPub;fdPHost;COMSysApp;SENS;EventSystem;EntAppSvc;EFS;edgeupdatem;edgeupdate;DusmSvc;DsmSvc;DoSvc;dmwappushservice;DmEnrollmentSvc;DispBrokerDesktopSvc;DiagTrack;diagsvc;DevicesFlowUserSvc;DevicePickerUserSvc;DeviceAssociationBrokerSvc;defragsvc;dcsvc;applockerfltr;AppIDSvc;CryptSvc;CredentialEnrollmentManagerUserSvc;CoreMessagingRegistrar;ConsentUxUserSvc;ClipSVC;CertPropSvc;CaptureService;BthAvctpSvc;BTAGService;embeddedmode;BrokerInfrastructure;BluetoothUserService;BITS;ZTDNS;wtd;WdNisSvc;WdNisDrv;SharedAccess;PolicyAgent;BFE;BcastDVRUserService;AxInstSV;autotimesvc;AarSvc_47e64;RtkAudioUniversalService;AarSvc;Audiosrv;ApxSvc"
"Running","RtkAudioUniversalService","Realtek Audio Universal Service","False","True","True","Automatic","Win32OwnProcess",""
"Running","SamSs","Security Accounts Manager","False","False","False","Automatic","Win32ShareProcess","MSDTC;LanmanServer;KtmRm"
"Stopped","SCardSvr","Smart Card","False","False","False","Manual","Win32ShareProcess",""
"Stopped","ScDeviceEnum","Smart Card Device Enumeration Service","False","False","False","Manual","Win32ShareProcess",""
"Running","Schedule","Task Scheduler","False","True","True","Automatic","Win32OwnProcess, Win32ShareProcess","refsdedupsvc;NaturalAuthentication"
"Stopped","SCPolicySvc","Smart Card Removal Policy","False","False","False","Manual","Win32ShareProcess",""
"Stopped","SDRSVC","Windows Backup","False","False","False","Manual","Win32OwnProcess",""
"Stopped","seclogon","Secondary Log-on","False","False","False","Manual","Win32ShareProcess",""
"Running","SecurityHealthService","Windows Security Service","False","False","False","Manual","Win32OwnProcess",""
"Stopped","SEMgrSvc","Payments and NFC/SE Manager","False","False","False","Manual","Win32OwnProcess",""
"Running","SENS","System Event Notification Service","False","False","True","Automatic","Win32OwnProcess, Win32ShareProcess","COMSysApp"
"Stopped","SensorDataService","Sensor Data Service","False","False","False","Manual","Win32OwnProcess",""
"Stopped","SensorService","Sensor Service","False","False","False","Manual","Win32ShareProcess",""
"Stopped","SensrSvc","Sensor Monitoring Service","False","False","False","Manual","Win32ShareProcess",""
"Stopped","SessionEnv","Remote Desktop Configuration","False","False","False","Manual","Win32ShareProcess",""
"Stopped","SharedAccess","Internet Connection Sharing (ICS)","False","False","False","Manual","Win32ShareProcess",""
"Running","ShellHWDetection","Shell Hardware Detection","False","False","True","Automatic","Win32OwnProcess, Win32ShareProcess",""
"Stopped","shpamsvc","Shared PC Account Manager","False","False","False","Disabled","Win32ShareProcess",""
"Stopped","smphost","Microsoft Storage Spaces SMP","False","False","False","Manual","Win32OwnProcess",""
"Stopped","SmsRouter","Microsoft Windows SMS Router Service.","False","False","False","Manual","Win32ShareProcess",""
"Stopped","SNMPTrap","SNMP Trap","False","False","False","Manual","Win32OwnProcess",""
"Running","Spooler","Print Spooler","False","False","True","Automatic","Win32OwnProcess, InteractiveProcess",""
"Stopped","sppsvc","Software Protection","False","False","False","Automatic","Win32OwnProcess",""
"Stopped","SSDPSRV","SSDP Discovery","False","False","False","Manual","Win32ShareProcess","upnphost"
"Running","SstpSvc","Secure Socket Tunneling Protocol Service","False","True","True","Manual","Win32OwnProcess, Win32ShareProcess","RemoteAccess;RasMan"
"Running","StateRepository","State Repository Service","False","True","True","Automatic","Win32OwnProcess, Win32ShareProcess","camsvc;AppXSvc"
"Running","StiSvc","Windows Image Acquisition (WIA)","True","True","True","Automatic","Win32OwnProcess",""
"Running","StorSvc","Storage Service","False","False","True","Automatic","Win32OwnProcess",""
"Stopped","svsvc","Spot Verifier","False","False","False","Manual","Win32ShareProcess",""
"Stopped","swprv","Microsoft Software Shadow Copy Provider","False","False","False","Manual","Win32OwnProcess",""
"Running","SysMain","SysMain","False","True","True","Automatic","Win32OwnProcess, Win32ShareProcess",""
"Running","SystemEventsBroker","System Events Broker","False","False","True","Automatic","Win32ShareProcess","refsdedupsvc;NaturalAuthentication;Schedule"
"Running","TapiSrv","Telephony","True","False","True","Manual","Win32OwnProcess, Win32ShareProcess","RemoteAccess;RasMan"
"Stopped","TermService","Remote Desktop Services","False","False","False","Manual","Win32ShareProcess","UmRdpService"
"Running","TextInputManagementService","Text Input Management Service","False","False","False","Automatic","Win32OwnProcess, Win32ShareProcess",""
"Running","Themes","Themes","False","False","True","Automatic","Win32OwnProcess, Win32ShareProcess",""
"Stopped","TieringEngineService","Storage Tiers Management","False","False","False","Manual","Win32OwnProcess",""
"Running","TimeBrokerSvc","Time Broker","False","False","True","Manual","Win32OwnProcess, Win32ShareProcess",""
"Running","TokenBroker","Web Account Manager","False","False","True","Manual","Win32OwnProcess, Win32ShareProcess",""
"Running","TrkWks","Distributed Link Tracking Client","False","True","True","Automatic","Win32OwnProcess, Win32ShareProcess",""
"Stopped","TroubleshootingSvc","Recommended Troubleshooting Service","False","False","False","Manual","Win32ShareProcess",""
"Stopped","TrustedInstaller","Windows Modules Installer","False","False","False","Manual","Win32OwnProcess",""
"Stopped","tzautoupdate","Auto Time Zone Updater","False","False","False","Disabled","Win32ShareProcess",""
"Running","UdkUserSvc_47e64","Udk User Service_47e64","False","False","True","Manual","240",""
"Stopped","UmRdpService","Remote Desktop Services UserMode Port Redirector","False","False","False","Manual","Win32ShareProcess",""
"Stopped","UnistoreSvc_47e64","User Data Storage_47e64","False","False","False","Manual","224","UserDataSvc_47e64;PimIndexMaintenanceSvc_47e64"
"Stopped","upnphost","UPnP Device Host","False","False","False","Manual","Win32ShareProcess",""
"Stopped","UserDataSvc_47e64","User Data Access_47e64","False","False","False","Manual","224",""
"Running","UserManager","User Manager","False","False","True","Automatic","Win32OwnProcess, Win32ShareProcess","XblGameSave;TokenBroker"
"Running","UsoSvc","Update Orchestrator Service","False","True","True","Automatic","Win32OwnProcess, Win32ShareProcess",""
"Stopped","VaultSvc","Credential Manager","False","False","False","Manual","Win32ShareProcess",""
"Stopped","vds","Virtual Disk","False","False","False","Manual","Win32OwnProcess",""
"Running","VMAuthdService","VMware Authorization Service","False","False","True","Automatic","Win32OwnProcess",""
"Stopped","vmicguestinterface","Hyper-V Guest Service Interface","False","False","False","Manual","Win32ShareProcess",""
"Stopped","vmicheartbeat","Hyper-V Heartbeat Service","False","False","False","Manual","Win32ShareProcess",""
"Stopped","vmickvpexchange","Hyper-V Data Exchange Service","False","False","False","Manual","Win32ShareProcess",""
"Stopped","vmicrdv","Hyper-V Remote Desktop Virtualization Service","False","False","False","Manual","Win32ShareProcess",""
"Stopped","vmicshutdown","Hyper-V Guest Shutdown Service","False","False","False","Manual","Win32ShareProcess",""
"Stopped","vmictimesync","Hyper-V Time Synchronization Service","False","False","False","Manual","Win32ShareProcess",""
"Stopped","vmicvmsession","Hyper-V PowerShell Direct Service","False","False","False","Manual","Win32ShareProcess",""
"Stopped","vmicvss","Hyper-V Volume Shadow Copy Requestor","False","False","False","Manual","Win32ShareProcess",""
"Running","VMnetDHCP","VMware DHCP Service","False","False","True","Automatic","Win32OwnProcess",""
"Running","VMUSBArbService","VMware USB Arbitration Service","False","False","True","Automatic","Win32OwnProcess",""
"Running","VMware NAT Service","VMware NAT Service","False","False","True","Automatic","Win32OwnProcess",""
"Stopped","VmwareAutostartService","VMware Autostart Service","False","False","False","Manual","Win32OwnProcess",""
"Stopped","VSS","Volume Shadow Copy","False","False","False","Manual","Win32OwnProcess",""
"Stopped","W32Time","Windows Time","False","False","False","Manual","Win32ShareProcess",""
"Stopped","WaaSMedicSvc","WaaSMedicSvc","False","False","False","Manual","Win32OwnProcess, Win32ShareProcess",""
"Stopped","WalletService","WalletService","False","False","False","Manual","Win32ShareProcess",""
"Stopped","WarpJITSvc","Warp JIT Service","False","False","False","Manual","Win32OwnProcess",""
"Stopped","wbengine","Block Level Backup Engine Service","False","False","False","Manual","Win32OwnProcess",""
"Stopped","WbioSrvc","Windows Biometric Service","False","False","False","Manual","Win32ShareProcess",""
"Running","Wcmsvc","Windows Connection Manager","False","True","True","Automatic","Win32OwnProcess","WlanSvc;icssvc"
"Stopped","wcncsvc","Windows Connect Now - Config Registrar","False","False","False","Manual","Win32ShareProcess",""
"Stopped","WdiServiceHost","Diagnostic Service Host","False","False","False","Manual","Win32ShareProcess",""
"Running","WdiSystemHost","Diagnostic System Host","False","True","True","Manual","Win32OwnProcess, Win32ShareProcess",""
"Running","WdNisSvc","Microsoft Defender Antivirus Network Inspection Service","False","False","True","Manual","Win32OwnProcess",""
"Stopped","WebClient","WebClient","False","False","False","Manual","Win32ShareProcess",""
"Running","webthreatdefsvc","Web Threat Defense Service","True","True","True","Manual","Win32OwnProcess, Win32ShareProcess",""
"Running","webthreatdefusersvc_47e64","Web Threat Defense User Service_47e64","True","True","True","Automatic","240",""
"Stopped","Wecsvc","Windows Event Collector","False","False","False","Manual","Win32ShareProcess",""
"Stopped","WEPHOSTSVC","Windows Encryption Provider Host Service","False","False","False","Manual","Win32ShareProcess",""
"Stopped","wercplsupport","Problem Reports Control Panel Support","False","False","False","Manual","Win32ShareProcess",""
"Stopped","WerSvc","Windows Error Reporting Service","False","False","False","Manual","Win32OwnProcess",""
"Stopped","WFDSConMgrSvc","Wi-Fi Direct Services Connection Manager Service","False","False","False","Manual","Win32OwnProcess, Win32ShareProcess",""
"Running","whesvc","Windows Health and Optimized Experiences","False","False","True","Automatic","Win32OwnProcess, Win32ShareProcess",""
"Stopped","WiaRpc","Still Image Acquisition Events","False","False","False","Manual","Win32ShareProcess",""
"Running","WinDefend","Microsoft Defender Antivirus Service","False","True","False","Automatic","Win32OwnProcess",""
"Running","WinHttpAutoProxySvc","WinHTTP Web Proxy Auto-Discovery Service","False","True","False","Manual","Win32OwnProcess","WlanSvc;icssvc;Wcmsvc;NcaSvc;iphlpsvc"
"Running","Winmgmt","Windows Management Instrumentation","True","True","True","Automatic","Win32OwnProcess, Win32ShareProcess","VMUSBArbService;VMAuthdService"
"Stopped","WinRM","Windows Remote Management (WS-Management)","False","False","False","Manual","Win32ShareProcess",""
"Stopped","wisvc","Windows Insider Service","False","False","False","Manual","Win32ShareProcess",""
"Running","WlanSvc","WLAN AutoConfig","False","True","True","Automatic","Win32OwnProcess",""
"Stopped","wlidsvc","Microsoft Account Sign-in Assistant","False","False","False","Manual","Win32OwnProcess, Win32ShareProcess",""
"Stopped","wlpasvc","Local Profile Assistant Service","False","False","False","Manual","Win32ShareProcess","McmSvc"
"Stopped","WManSvc","Windows Management Service","False","False","False","Manual","Win32ShareProcess",""
"Stopped","wmiApSrv","WMI Performance Adapter","False","False","False","Manual","Win32OwnProcess",""
"Running","WMIRegistrationService","Intel(R) Management Engine WMI Provider Registration","False","False","True","Automatic","Win32OwnProcess",""
"Stopped","workfolderssvc","Work Folders","False","False","False","Manual","Win32ShareProcess",""
"Stopped","WpcMonSvc","Parental Controls","False","False","False","Manual","Win32OwnProcess",""
"Stopped","WPDBusEnum","Portable Device Enumerator Service","False","False","False","Manual","Win32OwnProcess, Win32ShareProcess",""
"Running","WpnService","Windows Push Notifications System Service","False","False","True","Automatic","Win32OwnProcess, Win32ShareProcess",""
"Running","WpnUserService_47e64","Windows Push Notifications User Service_47e64","False","False","True","Automatic","240",""
"Running","WSAIFabricSvc","WSAIFabricSvc","False","False","True","Automatic","Win32OwnProcess, Win32ShareProcess",""
"Running","wscsvc","Security Center","False","True","True","Automatic","Win32OwnProcess, Win32ShareProcess",""
"Running","WSearch","Windows Search","False","True","True","Automatic","Win32OwnProcess","workfolderssvc"
"Stopped","wuauserv","Windows Update","False","False","False","Manual","Win32OwnProcess, Win32ShareProcess",""
"Stopped","WwanSvc","WWAN AutoConfig","False","False","False","Manual","Win32ShareProcess","McmSvc;wlpasvc"
"Stopped","XblAuthManager","Xbox Live Auth Manager","False","False","False","Manual","Win32ShareProcess","XblGameSave"
"Stopped","XblGameSave","Xbox Live Game Save","False","False","False","Manual","Win32ShareProcess",""
"Stopped","XboxGipSvc","Xbox Accessory Management Service","False","False","False","Manual","Win32ShareProcess",""
"Stopped","XboxNetApiSvc","Xbox Live Networking Service","False","False","False","Manual","Win32ShareProcess",""
"Stopped","ZTHELPER","ZTHELPER","False","False","False","Manual","Win32OwnProcess",""
